Имя,Отчество,Дата
TEST,TEST,01.01.2000
СЕМЕНОВ,ВИКТОРОВИЧ,21.08.1972
СЕМЕНОВ,ВИКТОРОВИЧ,20.10.1979
ПЕТРОВ,ВИКТОРОВИЧ,08.09.1988
ФЕДОРОВ,ВИКТОРОВИЧ,17.08.1978
ПЕТРОВ,ВИКТОРОВИЧ,08.09.1988
ФЕДОРОВ,ВИКТОРОВИЧ,17.08.1978
ПЕТРОВ,ИГОРЕВИЧ,05.11.1993
ПЕТРОВ,ИГОРЕВИЧ,22.07.1996
ПЕТРОВ,ИГОРЕВИЧ,26.05.1903
ПЕТРОВ,ИГОРЕВИЧ,12.02.1972
ПЕТРОВ,ИГОРЕВИЧ,04.11.1992
ПЕТРОВ,ИГОРЕВИЧ,11.06.1969
ПЕТРОВ,ИГОРЕВИЧ,21.04.1988
ПЕТРОВ,ИГОРЕВИЧ,26.06.1982
ПЕТРОВ,ИГОРЕВИЧ,10.11.1982
ПЕТРОВ,ИГОРЕВИЧ,11.11.1990
ПЕТРОВ,ИГОРЕВИЧ,03.01.1989
ПЕТРОВ,ИГОРЕВИЧ,16.11.1988
ПЕТРОВ,ИГОРЕВИЧ,16.07.1995
СМИРНОВ,АЛЕКСАНДРОВИЧ,07.05.1988
СМИРНОВ,АЛЕКСАНДРОВИЧ,01.12.1978
СМИРНОВ,АЛЕКСАНДРОВИЧ,18.01.1995
СМИРНОВ,АЛЕКСАНДРОВИЧ,29.11.1986
СМИРНОВ,АЛЕКСАНДРОВИЧ,19.08.1900
СМИРНОВ,АЛЕКСАНДРОВИЧ,17.12.1908
СМИРНОВ,АЛЕКСАНДРОВИЧ,26.06.1980
СМИРНОВ,АЛЕКСАНДРОВИЧ,08.11.1991
СМИРНОВ,АЛЕКСАНДРОВИЧ,14.08.1992
СМИРНОВ,АЛЕКСАНДРОВИЧ,28.07.1989
СМИРНОВ,АЛЕКСАНДРОВИЧ,06.10.1979
СМИРНОВ,АЛЕКСАНДРОВИЧ,26.10.1981
СМИРНОВ,АЛЕКСАНДРОВИЧ,06.10.1979
СМИРНОВ,АЛЕКСАНДРОВИЧ,10.07.1995
СМИРНОВ,АЛЕКСАНДРОВИЧ,11.07.1984
СМИРНОВ,АЛЕКСАНДРОВИЧ,26.10.1981
СМИРНОВ,АЛЕКСАНДРОВИЧ,20.02.1984
СМИРНОВ,АЛЕКСАНДРОВИЧ,21.10.1996
СМИРНОВ,АЛЕКСАНДРОВИЧ,09.08.1984
СМИРНОВ,АЛЕКСАНДРОВИЧ,30.08.1988
СМИРНОВ,АЛЕКСАНДРОВИЧ,21.10.1996
СМИРНОВ,АЛЕКСАНДРОВИЧ,12.01.1978
СМИРНОВ,АЛЕКСАНДРОВИЧ,28.12.1992
СМИРНОВ,АЛЕКСАНДРОВИЧ,13.06.1984
СМИРНОВ,АЛЕКСАНДРОВИЧ,19.04.1976
СМИРНОВ,АЛЕКСАНДРОВИЧ,31.07.1900
СМИРНОВ,АЛЕКСАНДРОВИЧ,02.11.1989
СМИРНОВ,АЛЕКСАНДРОВИЧ,24.06.1984
СМИРНОВ,АЛЕКСАНДРОВИЧ,21.08.1984
СМИРНОВ,АЛЕКСАНДРОВИЧ,12.02.1987
СМИРНОВ,АЛЕКСАНДРОВИЧ,12.02.1987
СМИРНОВ,АЛЕКСАНДРОВИЧ,28.05.1993
СМИРНОВ,АЛЕКСАНДРОВИЧ,11.04.1991
СМИРНОВ,АЛЕКСАНДРОВИЧ,13.10.1991
СМИРНОВ,АЛЕКСАНДРОВИЧ,23.09.1991
СМИРНОВ,АЛЕКСАНДРОВИЧ,16.03.1984


Типы данных. Объекты. Контекст выполнения
Функции. Function Declaration / Function Expression
Событийный цикл JS
DOM. Браузерные события. Всплытие и погружение 

